Event Name,Speaker Name,Display Pic url,Designation,Company,Linkedin
AI & Big Data Expo,Ankur Bhan,https://www.ai-expo.net/europe/wp-content/uploads/2019/05/Nokia.jpg,Global Head of Nokia WING ,Nokia,https://www.linkedin.com/in/ankur-bhan-6030041/
AI & Big Data Expo,James Swanson,https://www.ai-expo.net/europe/wp-content/uploads/2019/02/Jim-Swanson.jpg,CIO and Head of Digital Transformation,Bayer Crop Science,https://www.linkedin.com/in/jimdswanson/
AI & Big Data Expo,Dr Katie Russell,https://www.ai-expo.net/europe/wp-content/uploads/2019/03/Katie-Russell.jpg,Head of Data & Analytics,OVO Energy ,https://uk.linkedin.com/in/katie-russell-60249b22
AI & Big Data Expo,Javier Campos,https://www.ai-expo.net/europe/wp-content/uploads/2019/04/Hello.png,Head of DataLabs,Experian,https://uk.linkedin.com/in/camposjavier
AI & Big Data Expo,Gil Adato,https://www.ai-expo.net/europe/wp-content/uploads/2019/02/ph.jpg,"Vice President, Digital Health - Head of New Business Development & Connected Value Propositions",Philips ,https://nl.linkedin.com/in/giladato
AI & Big Data Expo,Norman Stürtz,https://www.ai-expo.net/europe/wp-content/uploads/2019/04/Norman_Stuertz_2019.jpg,"Divisional CDO, Credit Suisse (Schweiz) AG",Credit Suisse,https://www.linkedin.com/in/nstue/
AI & Big Data Expo,Natalie Jakomis,https://www.ai-expo.net/europe/wp-content/uploads/2019/02/Natalie-go-compare.jpg,Group Head of Data ,GoCompare,https://uk.linkedin.com/in/natalie-jakomis-68ba3254
AI & Big Data Expo,Cyrille Bataller,https://www.ai-expo.net/europe/wp-content/uploads/2019/05/Cyrille-Bataller.jpg,Managing Director - Emerging Technology,Accenture Applied Intelligence,https://tw.linkedin.com/in/cyrille-bataller-b2524958/zh-tw
AI & Big Data Expo,John Park,https://www.ai-expo.net/europe/wp-content/uploads/2019/06/John-P.jpg,Senior Software Engineer ,Airbnb,https://www.linkedin.com/in/justindoit
AI & Big Data Expo,Abhijit Akerkar,https://www.ai-expo.net/europe/wp-content/uploads/2019/02/ll-1.jpg,"Head of Applied Sciences, Business Integration",Lloyds Banking Group,https://uk.linkedin.com/in/abhijit-akerkar
AI & Big Data Expo,Maria Crosas Batista,https://www.ai-expo.net/europe/wp-content/uploads/2019/03/Nestle.jpg,IS/IT Project Manager,Nestlé,https://es.linkedin.com/in/mariacrosas/en
AI & Big Data Expo,Sam Hemmant,https://www.ai-expo.net/europe/wp-content/uploads/2019/05/Sam-Hemmant-002-1.jpg,Global Marketing Director,LexisNexis,https://in.linkedin.com/pub/sam-hemmant/9b/652/a39
AI & Big Data Expo,Martin Treder,https://www.ai-expo.net/europe/wp-content/uploads/2019/01/Martin-Treder.jpg,Managing Director Data Management International ,FedEx,https://nz.linkedin.com/pub/martin-treder/2/9a1/705
AI & Big Data Expo,Pierluigi Casale,https://www.ai-expo.net/europe/wp-content/uploads/2019/05/PierLuigi-Casale.jpeg,Group Data Scientist ,TomTom,https://nl.linkedin.com/in/pierluigicasale
AI & Big Data Expo,Alejandra Leon,https://www.ai-expo.net/europe/wp-content/uploads/2018/06/Alejandra-Leon-1.jpg,"Global Segment Architect,  Communications and Brand",Shell,https://www.crunchbase.com/person/alejandra-leon
AI & Big Data Expo,Dr. Maher Chebbo,https://www.ai-expo.net/europe/wp-content/uploads/2019/03/Dr-Maher-Chebbo-1.jpg,"Senior Executive SVP, Chief Business Innovation Officer",GE Power,https://fr.linkedin.com/in/maherchebbo
AI & Big Data Expo,Arun Nathani,https://www.ai-expo.net/europe/wp-content/uploads/2019/05/Fahad-.jpg,Chief Executive Officer ,Cybage Software,https://in.linkedin.com/in/arun-nathani-4665254
AI & Big Data Expo,Priyanka Vergadia,https://www.ai-expo.net/europe/wp-content/uploads/2019/04/Privanka-Vergadia.jpg,Developer Advocate,Google Cloud,https://www.linkedin.com/in/priyankavergadia
AI & Big Data Expo,David Hogan,https://www.ai-expo.net/europe/wp-content/uploads/2019/01/David.jpg,Sr. Director Enterprise,NVIDIA,https://uk.linkedin.com/in/david-hogan-b1a5453
AI & Big Data Expo,Andrew Wigfield,https://www.ai-expo.net/europe/wp-content/uploads/2019/05/Andrew-microsoft-1.jpg,Principal Solution Specialist,Microsoft,https://www.ai-expo.net/europe/speaker/andrew-wigfield/
AI & Big Data Expo,Romaric Redon,https://www.ai-expo.net/europe/wp-content/uploads/2019/02/Rom.jpg,Head of Data Lab,Airbus Defence and Space ,https://www.linkedin.com/company/thales
AI & Big Data Expo,Dr. Evert Haasdijk,https://www.ai-expo.net/europe/wp-content/uploads/2019/02/Evert-Haasdijk-002.jpg,Senior Manager and AI expert,Deloitte ,https://www.linkedin.com/in/everthaasdijk/
AI & Big Data Expo,Carla Jesus,https://www.ai-expo.net/europe/wp-content/uploads/2018/05/Car.jpg,Senior Product Owner,Adidas,https://nl.linkedin.com/in/carla-jesus
AI & Big Data Expo,Maarten Sukel,https://www.ai-expo.net/europe/wp-content/uploads/2019/06/Maarten-Sukel.jpg,AI specialist,City of Amsterdam,https://www.linkedin.com/in/maartenmarkus/
AI & Big Data Expo,Anthony Morris,https://www.ai-expo.net/europe/wp-content/uploads/2019/03/Anthony.jpg,"Director Data, Analytics, & Insight",Dixons Carphone,https://uk.linkedin.com/in/anthony-morris-b4111a66
AI & Big Data Expo,Len Debets,https://www.ai-expo.net/europe/wp-content/uploads/2019/03/LEN.jpg,Founder of KPMG's Digital Advisor,KPMG,https://nl.linkedin.com/in/len-debets
AI & Big Data Expo,Alejandro Saucedo,https://www.ai-expo.net/europe/wp-content/uploads/2019/01/Alejandro-Saucedo.png,Chief Scientist,Institute for Ethical AI & Machine Learning,https://uk.linkedin.com/in/axsaucedo
AI & Big Data Expo,Elena Salova,https://www.ai-expo.net/europe/wp-content/uploads/2019/05/Elena-Salova-2.jpg,Data Scientist,Hitachi Vantara,https://uk.linkedin.com/in/dr-n-r-srinivasa-raghavan-0a736a
AI & Big Data Expo,Dr. N. R. Srinivasa Raghavan,https://www.ai-expo.net/europe/wp-content/uploads/2019/06/Dr.-N-R-Srinivasa-Raghavan.jpg,"Chief Data Scientist, Data and Analytics",Infosys,https://www.linkedin.com/in/emilio-billi-ba063239
AI & Big Data Expo,Emilio Billi,https://www.ai-expo.net/europe/wp-content/uploads/2019/03/Emilio-Billi.jpg,CTO,A3Cube Inc,https://www.owler.com/company/philab
AI & Big Data Expo,Pierre-Philippe Mathieu,https://www.ai-expo.net/europe/wp-content/uploads/2019/02/Pierre-Philipe.jpg,Head of Philab Explore Office,European Space Agency,https://www.linkedin.com/in/peter-heurling-03135811/
AI & Big Data Expo,Peter Heurling,https://www.ai-expo.net/europe/wp-content/uploads/2019/05/Peter-Heurling.jpg,"Director Enterprise Solutions, EMEA",Meltwater,https://it.linkedin.com/in/filippo-leoncini
AI & Big Data Expo,Filippo Leoncini,https://www.ai-expo.net/europe/wp-content/uploads/2019/01/0-3.jpg,Data Scientist ,Prada Group,https://nl.linkedin.com/in/jeroendas
AI & Big Data Expo,Jeroen Das,https://www.ai-expo.net/europe/wp-content/uploads/2019/03/Banko-2.jpg,Product Owner Chatbots,ABN AMRO Bank N.V.,https://nl.linkedin.com/in/reiniervandenbiggelaar
AI & Big Data Expo,Reinier van den Biggelaar,https://www.ai-expo.net/europe/wp-content/uploads/2019/05/Reinier-1.jpg,Director Data Science and AI,Ortec,https://www.crunchbase.com/person/ruud-schmeink
AI & Big Data Expo,Ruud Schmeink,https://www.ai-expo.net/europe/wp-content/uploads/2019/04/Ruud-Picture.jpg,CEO,MarketRedesign,https://be.linkedin.com/in/andrearenda
AI & Big Data Expo,Andrea Renda,https://www.ai-expo.net/europe/wp-content/uploads/2019/01/Andrea.jpg,Member of the High Level Expert Group on AI ,European Commission,https://nl.linkedin.com/in/leocardinaals/zh-cn
AI & Big Data Expo,Dennis Wilbrink,https://www.ai-expo.net/europe/wp-content/uploads/2019/05/dennis-wilbrink.jpg,Solutions Engineer,Hitachi Vantara,https://uk.linkedin.com/in/nelsonmpereira
AI & Big Data Expo,Nelson Pereira,https://www.ai-expo.net/europe/wp-content/uploads/2019/06/Nelson-Pereira-headshot.jpg,Customer Engineering Manager,Google Cloud,https://uk.linkedin.com/in/peppersack
AI & Big Data Expo,Chris Tomlinson,https://www.ai-expo.net/europe/wp-content/uploads/2019/04/Chris-Tomlinson.jpg,Director,Data Science Foundation,https://www.accenture.com/gb-en/careers/jobdetails?id=00625493_en
AI & Big Data Expo,Axel Goris,https://www.ai-expo.net/europe/wp-content/uploads/2019/05/Axel-Goris.jpg,Europe Chapter lead Visual Intelligence & Analytics ,Accenture Applied Intelligence,https://in.linkedin.com/pub/dir/Tushar/Kesarkar
AI & Big Data Expo,Tushar Kesarkar,https://www.ai-expo.net/europe/wp-content/uploads/2019/06/Tushnar-Infosys.jpg,Head of Analytics Delivery,Infosys,https://uk.linkedin.com/in/jonathanbowl
AI & Big Data Expo,Jonathan Bowl,https://www.ai-expo.net/europe/wp-content/uploads/2019/05/Jonathan-Bowl.jpg,"Vice President and General Manager, Big Data Analytics and IoT ",Hitachi Vantara,https://uk.linkedin.com/in/jonhalluk
AI & Big Data Expo,Jon Hall,https://www.ai-expo.net/europe/wp-content/uploads/2019/05/Jon-Hall.jpg,Principal Product Manager,BMC,https://nl.linkedin.com/in/kiaeisinga
AI & Big Data Expo,Kia Eisinga,https://www.ai-expo.net/europe/wp-content/uploads/2019/01/kia.jpg,Senior Data Scientist,TomTom,https://uk.linkedin.com/in/alexander-denev-66a25824
AI & Big Data Expo,Alexander Denev,https://www.ai-expo.net/europe/wp-content/uploads/2018/04/Alex-Denev.jpg,(Formerly) Executive Director – Head of Quantitative Research and Advanced Analytics, IHS Markit,https://ru.linkedin.com/in/mary-dubrovskaya-b218b9173
AI & Big Data Expo,Robby Dick,https://www.ai-expo.net/europe/wp-content/uploads/2019/05/Robby-Dick.jpg,Lead Solutions Marketing Manager,BMC,https://www.cio.com/article/3211428/what-is-digital-transformation-a-necessary-disruption.html
AI & Big Data Expo,Mariia Dubrovskaya,https://www.ai-expo.net/europe/wp-content/uploads/2019/04/Maria-Dubrovskaya.jpeg,Global Business Executive,Eastwind,https://www.altexsoft.com/blog/engineering/solution-architect-role/
AI & Big Data Expo,Vladimir Dragic,https://www.ai-expo.net/europe/wp-content/uploads/2019/05/Vladimir-Dragic.jpg,Director of Digital Transformation.,BMC,https://www.youtube.com/watch?v=yDp_Gukshxs
AI & Big Data Expo,Parag Sharad,https://www.ai-expo.net/europe/wp-content/uploads/2019/06/ParagNew.jpg,Senior  Principal Architect – Manufacturing & High-Tech,Infosys,https://nl.linkedin.com/in/hofri
AI & Big Data Expo,Dr. Mohamed Anas,https://www.ai-expo.net/europe/wp-content/uploads/2019/05/manas_bio_pic.jpg,Engineering Manager,MathWorks,https://uk.linkedin.com/in/mark-braithwaite-178a04124
AI & Big Data Expo,Yehuda Hofri,https://www.ai-expo.net/europe/wp-content/uploads/2019/05/Yehuda-Hofri.jpg,CTO | CDO,Transdev,https://ie.linkedin.com/in/jamesgrimes
AI & Big Data Expo,Mark Braithwaite,https://www.ai-expo.net/europe/wp-content/uploads/2019/04/Mark-Braithwaite.jpg,Technical Specialist,Wolfram,https://www.linkedin.com/company/rail-cargo-group
AI & Big Data Expo,James Grimes,https://www.ai-expo.net/europe/wp-content/uploads/2019/05/James-Grimes.jpg,Head of Product,Truata,https://uk.linkedin.com/in/garyirvinedrg
AI & Big Data Expo,Mattijs Suurland,https://www.ai-expo.net/europe/wp-content/uploads/2019/04/Mattijs-Suurland.png,Business developer Advanced Analytics,Nederlandse Spoorwegen (Dutch Railways),https://nl.linkedin.com/in/jelle-van-jaarsveld-30682195
AI & Big Data Expo,Gary Campbell,https://www.ai-expo.net/europe/wp-content/uploads/2019/06/GC.jpg,Head of IT Sector,Invest Northern Ireland,http://in.linkedin.com/in/mauricecoyle
AI & Big Data Expo,Jelle van Jaarsveld,https://www.ai-expo.net/europe/wp-content/uploads/2019/06/Jelle-van-Jaarsveld.jpg,"Client Growth Director, EMEA",Meltwater,https://www.linkedin.com/company/zeenea
AI & Big Data Expo,Maurice Coyle,https://www.ai-expo.net/europe/wp-content/uploads/2019/04/Maurice-Coyle.jpg, Chief Data Scientist,Truata,https://in.linkedin.com/company/igor-inc-
AI & Big Data Expo,Guillaume Bodet,https://www.ai-expo.net/europe/wp-content/uploads/2019/05/Zeenea.jpg,VP Product,Zeenea,https://www.linkedin.com/in/osheasuccess2
AI & Big Data Expo,Igor Tevs,https://www.ai-expo.net/europe/wp-content/uploads/2019/04/Igor-Tevs.jpg,Business Department Lead,Eastwind,https://fr.linkedin.com/in/andry-razafinjatovo-a26a396
AI & Big Data Expo,Dr. John O’Shea,https://www.ai-expo.net/europe/wp-content/uploads/2019/05/John-OShea-1.jpg,World-Wide Smart Intelligent Solutions Leader,Lenovo  ,https://www.linkedin.com/in/breghtboschker/
AI & Big Data Expo,Andry Razafinjatovo,https://www.ai-expo.net/europe/wp-content/uploads/2019/05/trafalgar_andry_HD.jpg,CEO and Co-founder ,Ryax Technologies,https://in.linkedin.com/company/mindtreeltd
AI & Big Data Expo,Breght Boschker,https://www.ai-expo.net/europe/wp-content/uploads/2019/05/SkinV.jpg,CTO,SkinVision,https://in.linkedin.com/company/better-business-bureau
AI & Big Data Expo,Grigoraki Evangelia,https://www.ai-expo.net/europe/wp-content/uploads/2019/05/Photo-_-Grigoraki-Elina-_-OTE-Group-of-Companies-002.jpg,Senior ICT Sales Manager,OTE Group of Companies ,https://www.linkedin.com/company/improve-digital
AI & Big Data Expo,Patrick Slavenburg,https://www.ai-expo.net/europe/wp-content/uploads/2019/04/Patrick.jpg,Member,IoT Council ,https://www.linkedin.com/in/michelmorvan/
AI & Big Data Expo,Matthijs Carpay,https://www.ai-expo.net/europe/wp-content/uploads/2019/05/Matthijs-Carpay.jpg,Associate,Protium Digital,https://www.techopedia.com/why-data-scientists-are-falling-in-love-with-blockchain-technology/2/33356
AI & Big Data Expo,Michel Morvan,https://www.ai-expo.net/europe/wp-content/uploads/2019/02/Michael-Morvan.jpg,Founder and Executive Chairman,Cosmo Tech,https://www.iottechexpo.com/europe/speaker/alexey-filanovsky/
AI & Big Data Expo,Aslan Mehrabi,https://www.ai-expo.net/europe/wp-content/uploads/2019/04/Aslan_Mehrabi_photo_2-002.png,Data Scientist and Blockchain Developer,MXC,https://nl.linkedin.com/in/ericvannispen
AI & Big Data Expo,Alexey Filanovskiy,https://www.ai-expo.net/europe/wp-content/uploads/2019/01/Alexey-Filanovskiy.png,Principle Product Manager,Oracle,https://uk.linkedin.com/in/bernard-gallant-3bb30283
AI & Big Data Expo,Eric van Nispen,https://www.ai-expo.net/europe/wp-content/uploads/2019/03/Eric-Van-Nispen-z-wB.jpg,General Manager,Wonderware,https://nl.linkedin.com/in/jasperzondervan
AI & Big Data Expo,Bernard Gallant,https://www.ai-expo.net/europe/wp-content/uploads/2019/06/Bernard-Gallant.jpg,Account Executiv,Darktrace,https://uk.linkedin.com/in/waynebutterfield
AI & Big Data Expo,Jasper Zondervan,https://www.ai-expo.net/europe/wp-content/uploads/2019/03/Jasper-Zondervan.jpg,Consultant Manufacturing Analytics,Wonderware,https://nl.linkedin.com/in/tamas-erkelens-4a42252a
AI & Big Data Expo,Wayne Butterfield,https://www.ai-expo.net/europe/wp-content/uploads/2019/01/Wayne-Butterfield.jpg,Director Cognitive Automation & Innovation,ISG,https://www.ai-expo.net/europe/speaker/henrik-bo-larsen/
AI & Big Data Expo,Tamas Erkelens,https://www.ai-expo.net/europe/wp-content/uploads/2019/01/Tamas-Erkelens.jpg,Program Manager of Data Innovation,Municipality of Amsterdam,https://uk.linkedin.com/in/justinvanderlande
AI & Big Data Expo,Henrik Bo Larsen,https://www.ai-expo.net/europe/wp-content/uploads/2019/02/Henrik.png,Business Development and Data Insight,REMA1000 / Vigo,https://in.linkedin.com/in/abhishek-ramesh-2a09a01a
AI & Big Data Expo,Justin van der Lande,https://www.ai-expo.net/europe/wp-content/uploads/2019/03/Justin-Van-Der-Lande.jpg,Principal Analyst AI & Analytics,Analysys Mason ,https://fr.linkedin.com/in/benjaminsimonneau
AI & Big Data Expo,"Senior Representative, NetApp",https://www.ai-expo.net/europe/wp-content/uploads/2018/12/silhouette.png,.,.,https://www.researchgate.net/profile/Gerard_Van_koten
AI & Big Data Expo,Benjamin Simonneau,https://www.ai-expo.net/europe/wp-content/uploads/2019/05/Benj.jpeg,Manager of Professional Services,Zeenea ,http://sarahroseportraits.com/blog/2019-senior-rep-details/
AI & Big Data Expo,Gerard van der Hoeven,https://www.ai-expo.net/europe/wp-content/uploads/2019/03/Gerard-002.jpg,Managing Partner,Protium.Digital,https://nl.linkedin.com/in/peterbroekroelofs
AI & Big Data Expo,"Senior Rep, Radicalbit",https://www.ai-expo.net/europe/wp-content/uploads/2018/12/silhouette.png,Radicalbit,,https://in.linkedin.com/pub/steven-nooijen/6a/506/607?trk=biz_employee_pub
AI & Big Data Expo,Peter Broekroelofs,https://www.ai-expo.net/europe/wp-content/uploads/2018/06/Peter-Broekroelofs.jpg,Chief Design Officer,Dynniq,https://nl.linkedin.com/in/valentiroberto
AI & Big Data Expo,Steven Nooijen,https://www.ai-expo.net/europe/wp-content/uploads/2018/06/steven-nooijen.png,Data Science Consultant,GoDataDriven,https://www.linkedin.com/in/jakubkrcmar/de
AI & Big Data Expo,Roberto Valenti,https://www.ai-expo.net/europe/wp-content/uploads/2018/06/Roberto-Valenti.jpg,CTO & co-founder,Sightcorp,https://nl.linkedin.com/in/marcovanheerde
AI & Big Data Expo,Pieter van der Toorn,https://www.ai-expo.net/europe/wp-content/uploads/2018/06/5.toorn_pieter-van-der_8678.jpg,MD Risk Manager,ABN AMRO Bank N.V.,https://www.linkedin.com/in/rogier-van-beugen-b4465a1/
AI & Big Data Expo,Jakub Krcmar,https://www.ai-expo.net/europe/wp-content/uploads/2018/06/Jakub-Krcmar.jpg,Co-founder ,Value Protocol,https://www.linkedin.com/in/pighed
AI & Big Data Expo,Marco Van Heerde,https://www.ai-expo.net/europe/wp-content/uploads/2018/06/Marco-Van-Heerde.jpg,Lead - Location Products,KLM Royal Dutch Airlines,https://nl.linkedin.com/in/bret-baas-33b35b1
AI & Big Data Expo,Rogier van Beugen,https://www.ai-expo.net/europe/wp-content/uploads/2018/06/rogier-van-Beugen.jpg,"Director, Innovation & Venturing",KLM - Air France,https://nl.linkedin.com/in/lexknape
AI & Big Data Expo,Maxim Pervunin,https://www.ai-expo.net/europe/wp-content/uploads/2018/06/Pervunin_pic.jpg,Managing Partner,TFH Russia,https://www.crunchbase.com/person/jan-morgenthal
AI & Big Data Expo,Mark Stephen Meadows,https://www.ai-expo.net/europe/wp-content/uploads/2018/06/Meadows-Headshot-SEED-1.png,Trustee & Co-Founder,Seed Vault Ltd,https://nl.linkedin.com/in/marritkuin
AI & Big Data Expo,Bret Baas,https://www.ai-expo.net/europe/wp-content/uploads/2018/06/Bret-Baas.jpg,CIO / CTO,Rai Amsterdam,https://coschedule.com/blog/content-curation-guide/
AI & Big Data Expo,Pieter Bons,https://www.ai-expo.net/europe/wp-content/uploads/2018/06/Pieter-Bons.jpg,Data Scientist,Ortec,https://www.linkedin.com/in/irakli-beridze-8014b8a/
AI & Big Data Expo,Jan Morgenthal,https://www.ai-expo.net/europe/wp-content/uploads/2018/06/Jan-Morganthal.jpg,Chief Product Owner Artificial Intelligence,Deutsche Telekom,https://jp.linkedin.com/in/amcpatrix
AI & Big Data Expo,Marrit Kuin,https://www.ai-expo.net/europe/wp-content/uploads/2018/06/Marrit-Kuin.jpg,Global Digital Innovation Manager,Royal FrieslandCampina,https://uk.linkedin.com/in/martinjruane
AI & Big Data Expo,Allison Kang,https://www.ai-expo.net/europe/wp-content/uploads/2018/06/Allison-Kang-new-1.jpg,"VP, Content Curator, Spokesperson",BPU Holdings,https://www.linkedin.com/pub/dir/Alexander/Chub
AI & Big Data Expo,Irakli Beridze,https://www.ai-expo.net/europe/wp-content/uploads/2018/06/Irakli-Beridze.jpg,Head of the Centre for Artificial Intelligence and Robotics,"United Nations, UNICRI",https://de.linkedin.com/in/fwesterheide
AI & Big Data Expo,Alex Bunardzic,https://www.ai-expo.net/europe/wp-content/uploads/2018/06/Alex-Bunardzic.jpg,"Former Senior Software Development, Research and Development Staples",Staples,https://in.linkedin.com/company/bpu-holdings
AI & Big Data Expo,Martin Ruane,https://www.ai-expo.net/europe/wp-content/uploads/2018/06/Martin-Ruane.jpg,Programme Director,Engie,https://nl.linkedin.com/in/pratyushsinhahec
AI & Big Data Expo,Alexander Chub,https://www.ai-expo.net/europe/wp-content/uploads/2018/06/Alexander-Chub.jpg,Chief Strategist,Skychain,https://www.linkedin.com/in/dariatataj/
AI & Big Data Expo,Fabian J. G. Westerheide,https://www.ai-expo.net/europe/wp-content/uploads/2018/05/fabian-westerheide-3.jpg,Founder and CEO,Asgard,https://www.linkedin.com/in/maarten-c-s-905bba2b/
AI & Big Data Expo,Carlos Art Nevarez,https://www.ai-expo.net/europe/wp-content/uploads/2018/05/CarlosArtNevarez-1.jpg,CTO,BPU Holdings,https://nl.linkedin.com/in/jan-van-gemert-1628b94
AI & Big Data Expo,Pratyush Sinha,https://www.ai-expo.net/europe/wp-content/uploads/2018/05/Prattush-Sinha.jpg,Principal Data Scientist,(Formerly) VEON,https://nl.linkedin.com/in/violeta-misheva-phd-29674588
AI & Big Data Expo,Miriam Huijser,https://www.ai-expo.net/europe/wp-content/uploads/2018/05/Miriam-Huijser.jpg,Co-Founder & Chief Research Officer,Aiir Innovations ,https://fr.linkedin.com/in/eschenbrenner
AI & Big Data Expo,Maarten Stol,https://www.ai-expo.net/europe/wp-content/uploads/2018/05/Maarten-Stol.jpg,Principal Scientific Adviser,BrainCreators,https://www.inc.com/encyclopedia/credit-evaluation-and-approval.html
AI & Big Data Expo,Jan van Gemert,https://www.ai-expo.net/europe/wp-content/uploads/2018/05/Jan-Van-Gemert.jpg,Assistant Professor,TU Delft University of Technology,https://nl.linkedin.com/in/len-debets
AI & Big Data Expo,Violeta Misheva,https://www.ai-expo.net/europe/wp-content/uploads/2018/05/Violeta-Misheva.jpg,Data Scientist,ABN AMRO Bank N.V.,https://nl.linkedin.com/in/paschailjin
AI & Big Data Expo,Christophe Eschenbrenner,https://www.ai-expo.net/europe/wp-content/uploads/2018/05/christophe-eschenbrenner.jpg,IOT & DATA foundations program manager,ALSTOM DIGITAL MOBILITY,https://www.linkedin.com/in/maxamordeluso/
AI & Big Data Expo,Przemysław Lewicki,https://www.ai-expo.net/europe/wp-content/uploads/2018/05/P.Lewicki.jpg,Director Retail Credits Service Center,ING,https://nl.linkedin.com/in/carla-jesus
AI & Big Data Expo,Len Debets,https://www.ai-expo.net/europe/wp-content/uploads/2019/03/LEN.jpg,Founder of KPMG's Digital Advisor,KPMG,https://uk.linkedin.com/in/jo-hill-04224615
AI & Big Data Expo,Pascha Iljin,https://www.ai-expo.net/europe/wp-content/uploads/2018/05/Kate.jpg,Manager FP&A Predictive Analytics and Big Data ,AkzoNobel,https://www.linkedin.com/in/utku-pamuksuz
AI & Big Data Expo,Max Amordeluso,https://www.ai-expo.net/europe/wp-content/uploads/2018/04/Amazon.jpeg,EU Lead Evangelist Alexa ,Amazon ,https://au.linkedin.com/in/steve-brendish
AI & Big Data Expo,Carla Jesus,https://www.ai-expo.net/europe/wp-content/uploads/2018/05/Car.jpg,Senior Product Owner,Adidas,https://nl.linkedin.com/in/richard-vdovjak-9606855
AI & Big Data Expo,Jo Hill,https://www.ai-expo.net/europe/wp-content/uploads/2018/06/Jo-Hill.png,"Director - Market Intelligence, Data and Analysis",Financial Conduct Authority,https://in.linkedin.com/in/arka87
AI & Big Data Expo,Dr. Utku Pamuksuz,https://www.ai-expo.net/europe/wp-content/uploads/2018/05/Utku-Pamuksuz.jpg,"Sr. Data Scientist, Co-Founder, and Clinical Professor of Data Analytics","Grainger, Inference Analytics and University of Illinois Urbana-Champaign.",https://uk.linkedin.com/in/simon-poole-79a8473
AI & Big Data Expo,Steve Brendish,https://www.ai-expo.net/europe/wp-content/uploads/2018/05/Steve-Brendish.jpeg,Founder & Creative Director,2 Dam Creative   ,https://uk.linkedin.com/in/paige-leuschner-3842a7a7
AI & Big Data Expo,Dr. Richard Vdovjak,https://www.ai-expo.net/europe/wp-content/uploads/2018/05/Richard-Vdovjak.jpg,Principal scientist in Data Science and AI,Philips Healthcare,https://uk.linkedin.com/in/georgedavismd
AI & Big Data Expo,Arka Sarkar,https://www.ai-expo.net/europe/wp-content/uploads/2018/05/Arka-Sarka.jpg,"Product Owner, Data Science",Booking.com,https://dk.linkedin.com/in/simon-svankj%C3%A6r-morel-70114b79
AI & Big Data Expo,Simon Poole,https://www.ai-expo.net/europe/wp-content/uploads/2018/05/Simon-Poole.jpg,Head of Technology,Just Eat,https://uk.linkedin.com/in/alexander-denev-66a25824
AI & Big Data Expo,Paige Leuschner,https://www.ai-expo.net/europe/wp-content/uploads/2018/06/Paige-Leuschner-Bio-Pic.jpg,Research Analyst,Navigant Research,https://uk.linkedin.com/in/sreenath-r-jalla-96202ba
AI & Big Data Expo,George Davis,https://www.ai-expo.net/europe/wp-content/uploads/2018/05/George-Davis.png,CEO,Prosper BI,https://in.linkedin.com/company/cdosplaybook
AI & Big Data Expo,Simon Morel,https://www.ai-expo.net/europe/wp-content/uploads/2018/04/Simon-Morel.png,Partner & Head of Product ,BotSupply,https://in.linkedin.com/pub/zhe-sun/2a/9a2/118
AI & Big Data Expo,Alexander Denev,https://www.ai-expo.net/europe/wp-content/uploads/2018/04/Alex-Denev.jpg,(Formerly) Executive Director – Head of Quantitative Research and Advanced Analytics, IHS Markit,https://www.linkedin.com/in/martinevanderlee/
AI & Big Data Expo,Sreenath Jalla,https://www.ai-expo.net/europe/wp-content/uploads/2018/05/Sreenath-Jalla.jpg,"SAP, Finance and Supply Chain Transformation",Maersk Line,https://de.linkedin.com/in/alexanderserkov
AI & Big Data Expo,Peter Jackson,https://www.ai-expo.net/europe/wp-content/uploads/2018/04/PJ-headshot.png,Chief Data Officer,Southern Water,https://it.linkedin.com/in/filippo-f-g-della-casa-56855a12
AI & Big Data Expo,Dor Kedem ,https://www.ai-expo.net/europe/wp-content/uploads/2018/04/Dor-ING.jpeg,Senior Data Scientist ,ING,https://nl.linkedin.com/in/juliopeironcely
AI & Big Data Expo,Martine Van Der Lee,https://www.ai-expo.net/europe/wp-content/uploads/2018/04/Martine-Van-Der-Lee.jpeg,Director Social Media,KLM,http://nodexlgraphgallery.org/pages/GraphML.ashx?graphID=106029
AI & Big Data Expo,Alex Sierkov,https://www.ai-expo.net/europe/wp-content/uploads/2018/04/Alex-Sierkov.jpeg,"Director Product, Search and Machine Learning",HomeToGo  ,https://nl.linkedin.com/in/hans-schepers-3223992
AI & Big Data Expo,Filippo F.G. Della Casa,https://www.ai-expo.net/europe/wp-content/uploads/2018/04/Filippo.jpg,Head of Analytics,Leithà – Unipol Group,https://uk.linkedin.com/in/waynebutterfield
AI & Big Data Expo,Julio Peironcely,https://www.ai-expo.net/europe/wp-content/uploads/2018/04/Julio-Peironcely.jpeg,Head of Data Science team,Schiphol Airport,https://in.linkedin.com/company/victor-france
AI & Big Data Expo,Raymond Hannes,https://www.ai-expo.net/europe/wp-content/uploads/2018/05/Raymond-Hannes.jpg,Managing Partner,DigiGurus BV,https://uk.linkedin.com/in/daniel-gilbert-5942051
AI & Big Data Expo,Hans Schepers,https://www.ai-expo.net/europe/wp-content/uploads/2018/05/Hans.jpeg,Data Scientist Precision Horticulture Monsanto,Monsanto ,https://uk.linkedin.com/in/kerismith1
AI & Big Data Expo,Wayne Butterfield,https://www.ai-expo.net/europe/wp-content/uploads/2019/01/Wayne-Butterfield.jpg,Director Cognitive Automation & Innovation,ISG,https://pl.linkedin.com/in/adrianfoltyn
AI & Big Data Expo,Victor Crété,https://www.ai-expo.net/europe/wp-content/uploads/2018/05/Victor-Crete.jpg,Consultant & Analyst,PAC France ,https://nl.linkedin.com/in/joostmelchers
AI & Big Data Expo,Daniel Gilbert,https://www.ai-expo.net/europe/wp-content/uploads/2018/04/Daniel-News-UK.jpeg,Director of Data,News UK,https://in.linkedin.com/in/kalyanmeduri
AI & Big Data Expo,Keri Smith,https://www.ai-expo.net/europe/wp-content/uploads/2018/06/Keri-Smith.jpg,Director and Head of Automation Practice EMEA,ISG,https://in.linkedin.com/in/brittamuzyk
AI & Big Data Expo,Oliver Becher,https://www.ai-expo.net/europe/wp-content/uploads/2018/06/Oliver-Becher.jpg,Senior Representative,GoDataDriven,https://in.linkedin.com/in/shyamantak-gautam-0365215
AI & Big Data Expo,Adrian Foltyn,https://www.ai-expo.net/europe/wp-content/uploads/2018/05/Adrian.jpg,Former Head/Director of Data Science ,HelloFresh ,https://www.linkedin.com/in/nstue/
AI & Big Data Expo,Joost Melchers,https://www.ai-expo.net/europe/wp-content/uploads/2018/05/Joost.jpeg,Data Scientist,Marel Poultry,https://www.crunchbase.com/person/claudio-weck
AI & Big Data Expo,Kalyan Meduri,https://www.ai-expo.net/europe/wp-content/uploads/2018/06/Kaylan-Meduri.png,Digital Innovation Marketer ,,https://www.linkedin.com/in/anandsrao
AI & Big Data Expo,Britta Muzyk-Tikovsky,https://www.ai-expo.net/europe/wp-content/uploads/2018/04/Britta.jpg,Managing Director,Capscovil,https://www.linkedin.com/in/dr-andreas-braun/
AI & Big Data Expo,Shyamantak Gautam,https://www.ai-expo.net/europe/wp-content/uploads/2018/06/Shyamantak-Gautam.jpg,Co-founder & CTO,Progress DataRPM,https://uk.linkedin.com/in/richardkeen
AI & Big Data Expo,Norman Stürtz,https://www.ai-expo.net/europe/wp-content/uploads/2019/04/Norman_Stuertz_2019.jpg,"Divisional CDO, Credit Suisse (Schweiz) AG",Credit Suisse,https://in.linkedin.com/company/datascience.co.il
AI & Big Data Expo,Marco Szeidenleder,https://www.ai-expo.net/europe/wp-content/uploads/2017/05/marco_szeidenleder.jpg,Managing Partner,Pandata,https://nl.linkedin.com/in/richard-vdovjak-9606855
AI & Big Data Expo,Claudio Weck,https://www.ai-expo.net/europe/wp-content/uploads/2017/05/Claudio-Weck-1.jpg,Head of Data Science,MHP – A Porsche Company,https://www.justdial.com/Delhi/Dr-AS-Dave-Darya-Ganj/011PXX11-XX11-140529105515-I4J1_BZDET
AI & Big Data Expo,Dr. Anand Rao,https://www.ai-expo.net/europe/wp-content/uploads/2017/05/Anand.jpg,"Partner, Global AI Lead",PwC Data & Analytics,https://fr.linkedin.com/in/randhindi
AI & Big Data Expo,Dr. Andreas Braun,https://www.ai-expo.net/europe/wp-content/uploads/2017/04/Andreas-Braun.png,Global Data & Analytics ,Allianz SE,https://uk.linkedin.com/in/alun-jones-108b2516
AI & Big Data Expo,Richard MacDonald-Keen,https://www.ai-expo.net/europe/wp-content/uploads/2017/05/Richard-MacDonald-Keen.jpg,Principal Engineer,Skyscanner,https://www.dfki.de/~hansu/
AI & Big Data Expo,Francesc Balada,https://www.ai-expo.net/europe/wp-content/uploads/2017/05/Francesc.jpg,Data Scientist,Vienna Data Science Group ,https://www.linkedin.com/in/stalehusby/
AI & Big Data Expo,Richard Vdovjak,https://www.ai-expo.net/europe/wp-content/uploads/2017/04/Richard-Vdovjak.jpg,"Principal Scientist, Data Science and Artificial Intelligence ",Philips,https://www.linkedin.com/today/author/emecz
AI & Big Data Expo,Dr. Dave Raggett,https://www.ai-expo.net/europe/wp-content/uploads/2017/04/dave-raggett.png,Fellow,W3C,https://www.bloomberg.com/news/videos/2017-07-20/knighthead-s-wagner-sees-rocky-road-for-venezuela-video
AI & Big Data Expo,Dr Rand Hindi,https://www.ai-expo.net/europe/wp-content/uploads/2017/03/image001-1.jpg,Founder & CEO,Snips,https://de.linkedin.com/in/terence-hielscher-59492933
AI & Big Data Expo,Alun Jones,https://www.ai-expo.net/europe/wp-content/uploads/2017/03/xalun-jones.jpg.pagespeed.ic_.DhblRu9vR9.jpg,Data Scientist,Konecranes,https://www.linkedin.com/in/alexander-mankowsky-60636140/
AI & Big Data Expo,Hans Uszkoreit,https://www.ai-expo.net/europe/wp-content/uploads/2017/03/HANS-USZKOREIT.jpg,Scientific Director,German Research Center for Artificial Intelligence (DFKI),https://www.linkedin.com/in/georg-wittenburg-47a8b3a
AI & Big Data Expo,Ståle Fredlund Husby,https://www.ai-expo.net/europe/wp-content/uploads/2017/05/Stale.jpg,Co-Founder and CEO,Relink,https://www.linkedin.com/in/raphaelvullierme/
AI & Big Data Expo,Steve Emecz,https://www.ai-expo.net/europe/wp-content/uploads/2017/04/Steve_Emecz-1-002.jpg,CCO,collectAI,https://www.linkedin.com/in/xaverlehmann/
AI & Big Data Expo,Susanne Kaarnimo-Knight,https://www.ai-expo.net/europe/wp-content/uploads/2017/03/14a209a.jpg,Head of Digital,TUI Nordic,https://ch.linkedin.com/in/geertmeulenbelt/de
AI & Big Data Expo,Ernest Wohnig,https://www.ai-expo.net/europe/wp-content/uploads/2017/05/Ernest-Wohnig-InFormal-seated.jpg,Global IT & Cyber security Executive/Author/Lecturer.  ,,https://uk.linkedin.com/in/adityakaul
AI & Big Data Expo,Terence Hielscher,https://www.ai-expo.net/europe/wp-content/uploads/2017/03/Bilder.jpg,Founder & MD,MoBerries,https://www.linkedin.com/in/aljoschaburchardt/photo/?locale=de_DE
AI & Big Data Expo,Alexander Mankowsky,https://www.ai-expo.net/europe/wp-content/uploads/2017/03/portrait1.jpg,"Social Scientist, Knowledge Engineer",Daimler AG,https://www.bvdw.org/
AI & Big Data Expo,Georg Wittenburg,https://www.ai-expo.net/europe/wp-content/uploads/2017/05/georg-wittenburg.jpg,Co-founder / CEO ,Inspirient,https://de.linkedin.com/in/martin-karlsson-ba984845
AI & Big Data Expo,Raphael Vullierme,https://www.ai-expo.net/europe/wp-content/uploads/2017/03/luko2.png,CEO & Co-founder,LUKO,https://de.linkedin.com/in/tombocklisch
AI & Big Data Expo,Xaver Lehmann,https://www.ai-expo.net/europe/wp-content/uploads/2017/03/ebot7.png,Co-founder & Managing Director,e-bot7,https://www.linkedin.com/in/holgerweiss/
AI & Big Data Expo,Geert Meulenbelt,https://www.ai-expo.net/europe/wp-content/uploads/2017/03/Geert-1-1.jpg,Chief Customer Officer,Saagie,https://www.ai-expo.net/europe/speaker/bao-dinh/
AI & Big Data Expo,Aditya Kaul,https://www.ai-expo.net/europe/wp-content/uploads/2017/04/Aditya-Kaul.jpg,Research Director ,Tractica ,https://www.linkedin.com/today/author/ponbruce
AI & Big Data Expo,Dr. Aljoscha Burchardt,https://www.ai-expo.net/europe/wp-content/uploads/2017/04/Aljoscha-Burchardt.jpg,Lab Manager,DFKI GmbH,https://www.linkedin.com/in/rupert-steffner-0b9883a9/
AI & Big Data Expo,Christoph Kögler,https://www.ai-expo.net/europe/wp-content/uploads/2017/05/Christoph.Koegler.jpg,Bundesverband Digitale Wirtschaft (BVDW) ,e.V. / Lab Digital Ethics / bvdw.org,https://il.linkedin.com/in/yaron-golgher-739230
AI & Big Data Expo,Martin Karlsson,https://www.ai-expo.net/europe/wp-content/uploads/2017/03/Martin-Karlsson-Lateral.jpg,Co-Founder & CEO,Lateral,https://www.linkedin.com/in/dmitry-machikhin-56282a77/
AI & Big Data Expo,Tom Bocklisch,https://www.ai-expo.net/europe/wp-content/uploads/2017/05/Tom-Bocklisch-1.jpg,Lead Engineer,Go Last Mile ,https://de.linkedin.com/in/peterschlecht
AI & Big Data Expo,Holger G. Weiss,https://www.ai-expo.net/europe/wp-content/uploads/2017/03/gal_holger_weiss_ceo_portrait_2.jpg,Founder & CEO,German Autolabs,https://www.crunchbase.com/person/petar-djekic
AI & Big Data Expo,Bao Dinh,https://www.ai-expo.net/europe/wp-content/uploads/2017/04/Bao-Dinh.jpg,Regional Director for Western Europe,,https://gr.linkedin.com/in/vassilis-tsagaris-90716430
AI & Big Data Expo,Bruce Pon,https://www.ai-expo.net/europe/wp-content/uploads/2017/03/image001.jpg,CEO/Co-founder,BigchainDB,https://de.linkedin.com/in/valeriovelardo
AI & Big Data Expo,Rupert Steffner,https://www.ai-expo.net/europe/wp-content/uploads/2017/04/rupert_steffner.jpg,CEO ,WUNDER,https://www.studium.uni-freiburg.de/en
AI & Big Data Expo,Yaron Golgher,https://www.ai-expo.net/europe/wp-content/uploads/2017/05/Yaron-Golgher.png,Co-Founder and CEO ,I Know First Ltd,https://de.linkedin.com/in/crebernik
